risk_group,model,repeat,fold,county_count,train_count,test_count,inner_splits,best_parameters,mae,rmse,r2,spearman
Very Low,median_baseline,1,1,987,789,198,0,{},0.028680282821853028,0.04062894368911259,-0.0001739770377955363,
Very Low,elastic_net,1,1,987,789,198,3,"{""regressor__regressor__model__alpha"": 0.1, ""regressor__regressor__model__l1_ratio"": 0.1}",0.026512835395946018,0.0388551237212648,0.08525281748720837,0.35573885424662155
Very Low,gradient_boosted_trees,1,1,987,789,198,3,"{""model__learning_rate"": 0.02, ""model__max_depth"": 3, ""model__min_samples_leaf"": 20, ""model__n_estimators"": 125, ""model__subsample"": 0.7}",0.027163622967961595,0.03933810543318202,0.0623702725822346,0.29595678747529375
Very Low,median_baseline,1,2,987,789,198,0,{},0.0306680377116548,0.04124891298358622,-0.01349233167608932,
Very Low,elastic_net,1,2,987,789,198,3,"{""regressor__regressor__model__alpha"": 0.1, ""regressor__regressor__model__l1_ratio"": 0.1}",0.028459735846367854,0.03992118923303011,0.0507023822021474,0.31433355053996337
Very Low,gradient_boosted_trees,1,2,987,789,198,3,"{""model__learning_rate"": 0.02, ""model__max_depth"": 2, ""model__min_samples_leaf"": 20, ""model__n_estimators"": 125, ""model__subsample"": 0.7}",0.02851959884044118,0.0394597252519397,0.0725221114244079,0.3303094460148768
Very Low,median_baseline,1,3,987,790,197,0,{},0.030653662670946703,0.043489578701115576,-0.0016390251652516064,
Very Low,elastic_net,1,3,987,790,197,3,"{""regressor__regressor__model__alpha"": 0.1, ""regressor__regressor__model__l1_ratio"": 0.1}",0.029362526975352046,0.04277182217691865,0.03115045196906252,0.28118280076220614
Very Low,gradient_boosted_trees,1,3,987,790,197,3,"{""model__learning_rate"": 0.05, ""model__max_depth"": 2, ""model__min_samples_leaf"": 3, ""model__n_estimators"": 200, ""model__subsample"": 0.7}",0.029005846336424095,0.042583649249487716,0.039656529609993774,0.33546016468424017
Very Low,median_baseline,1,4,987,790,197,0,{},0.027963851558497458,0.0384774069098329,-0.0031482021478865807,
Very Low,elastic_net,1,4,987,790,197,3,"{""regressor__regressor__model__alpha"": 0.1, ""regressor__regressor__model__l1_ratio"": 0.1}",0.027067004202326803,0.037506072779862204,0.046860010668477226,0.2708013523822081
Very Low,gradient_boosted_trees,1,4,987,790,197,3,"{""model__learning_rate"": 0.02, ""model__max_depth"": 3, ""model__min_samples_leaf"": 5, ""model__n_estimators"": 200, ""model__subsample"": 0.7}",0.02612090158508172,0.03670272863477042,0.08725342430233607,0.34179200060273307
Very Low,median_baseline,1,5,987,790,197,0,{},0.027241424237959395,0.03731339173249278,-0.0009128613500324345,
Very Low,elastic_net,1,5,987,790,197,3,"{""regressor__regressor__model__alpha"": 0.1, ""regressor__regressor__model__l1_ratio"": 0.1}",0.02583431878617695,0.036296199972753074,0.052914619707040145,0.341835949885261
Very Low,gradient_boosted_trees,1,5,987,790,197,3,"{""model__learning_rate"": 0.05, ""model__max_depth"": 2, ""model__min_samples_leaf"": 10, ""model__n_estimators"": 75, ""model__subsample"": 0.7}",0.025742888975484563,0.03614292405166956,0.06089666043149988,0.32645840985217345
Very Low,median_baseline,2,1,987,789,198,0,{},0.026262399413753284,0.035193781688199005,-0.001787459448085782,
Very Low,elastic_net,2,1,987,789,198,3,"{""regressor__regressor__model__alpha"": 0.01, ""regressor__regressor__model__l1_ratio"": 1.0}",0.024830200036791646,0.03513577214473101,0.0015122904890350064,0.2769415451353058
Very Low,gradient_boosted_trees,2,1,987,789,198,3,"{""model__learning_rate"": 0.02, ""model__max_depth"": 3, ""model__min_samples_leaf"": 20, ""model__n_estimators"": 300, ""model__subsample"": 0.9}",0.02415649794139148,0.03455615101884698,0.03418388832984587,0.3324614149040851
Very Low,median_baseline,2,2,987,789,198,0,{},0.028520962256837624,0.04143748707060349,-0.002205763927299431,
Very Low,elastic_net,2,2,987,789,198,3,"{""regressor__regressor__model__alpha"": 0.1, ""regressor__regressor__model__l1_ratio"": 0.1}",0.02729988570724626,0.03944608340545346,0.0918076215177337,0.35677773577934285
Very Low,gradient_boosted_trees,2,2,987,789,198,3,"{""model__learning_rate"": 0.05, ""model__max_depth"": 1, ""model__min_samples_leaf"": 10, ""model__n_estimators"": 75, ""model__subsample"": 0.9}",0.02721169601796283,0.040030991604461705,0.06467450622216231,0.33168480617021073
Very Low,median_baseline,2,3,987,790,197,0,{},0.030824946821370557,0.040579609608510085,-0.004098939277371816,
Very Low,elastic_net,2,3,987,790,197,3,"{""regressor__regressor__model__alpha"": 0.1, ""regressor__regressor__model__l1_ratio"": 0.1}",0.028727989694124944,0.039030343892830874,0.07110733246151635,0.3192899679484162
Very Low,gradient_boosted_trees,2,3,987,790,197,3,"{""model__learning_rate"": 0.05, ""model__max_depth"": 1, ""model__min_samples_leaf"": 5, ""model__n_estimators"": 300, ""model__subsample"": 0.9}",0.02991734437065232,0.03992533791207949,0.02801854228859868,0.21678140568640933
Very Low,median_baseline,2,4,987,790,197,0,{},0.0335008551369264,0.047797147756061815,-0.005564766840520097,
Very Low,elastic_net,2,4,987,790,197,3,"{""regressor__regressor__model__alpha"": 0.1, ""regressor__regressor__model__l1_ratio"": 0.1}",0.03298673422501186,0.04710862210296851,0.023197216321472758,0.25648487359872424
Very Low,gradient_boosted_trees,2,4,987,790,197,3,"{""model__learning_rate"": 0.05, ""model__max_depth"": 2, ""model__min_samples_leaf"": 20, ""model__n_estimators"": 200, ""model__subsample"": 0.9}",0.03284117279651115,0.04689105631524835,0.03219888567890361,0.24729319508144745
Very Low,median_baseline,2,5,987,790,197,0,{},0.02616401453976675,0.035081566033766956,-0.000272413556016593,
Very Low,elastic_net,2,5,987,790,197,3,"{""regressor__regressor__model__alpha"": 0.01, ""regressor__regressor__model__l1_ratio"": 1.0}",0.024725907609441555,0.034611993469609116,0.026325998403022965,0.3211907744177505
Very Low,gradient_boosted_trees,2,5,987,790,197,3,"{""model__learning_rate"": 0.05, ""model__max_depth"": 3, ""model__min_samples_leaf"": 20, ""model__n_estimators"": 200, ""model__subsample"": 0.9}",0.02522494078926769,0.03516384040746451,-0.00496965476567679,0.281713331387008
Very Low,median_baseline,3,1,987,789,198,0,{},0.02997010094535127,0.04070859032993847,-0.0003713211050557774,
Very Low,elastic_net,3,1,987,789,198,3,"{""regressor__regressor__model__alpha"": 0.1, ""regressor__regressor__model__l1_ratio"": 0.1}",0.028394076917665528,0.039779016428449915,0.044793681693526155,0.2987456896851586
Very Low,gradient_boosted_trees,3,1,987,789,198,3,"{""model__learning_rate"": 0.02, ""model__max_depth"": 3, ""model__min_samples_leaf"": 10, ""model__n_estimators"": 125, ""model__subsample"": 0.7}",0.0279374200452807,0.03932634854974828,0.06640965134685606,0.3530968177296265
Very Low,median_baseline,3,2,987,789,198,0,{},0.02698366961004293,0.03583668934441753,-0.020404264559509278,
Very Low,elastic_net,3,2,987,789,198,3,"{""regressor__regressor__model__alpha"": 0.1, ""regressor__regressor__model__l1_ratio"": 0.1}",0.025391034128313276,0.03424076978009967,0.06845564084236622,0.3286645502547347
Very Low,gradient_boosted_trees,3,2,987,789,198,3,"{""model__learning_rate"": 0.05, ""model__max_depth"": 2, ""model__min_samples_leaf"": 20, ""model__n_estimators"": 200, ""model__subsample"": 1.0}",0.026352866866850504,0.03593983428888226,-0.02628656046502087,0.25629532062713195
Very Low,median_baseline,3,3,987,790,197,0,{},0.03127058914815228,0.04250279991658422,-0.002920604474520916,
Very Low,elastic_net,3,3,987,790,197,3,"{""regressor__regressor__model__alpha"": 0.1, ""regressor__regressor__model__l1_ratio"": 0.1}",0.03014399080227554,0.04136384552019188,0.05011006135972307,0.31056446574938235
Very Low,gradient_boosted_trees,3,3,987,790,197,3,"{""model__learning_rate"": 0.05, ""model__max_depth"": 1, ""model__min_samples_leaf"": 20, ""model__n_estimators"": 300, ""model__subsample"": 0.7}",0.031242965093094984,0.04277981825575567,-0.016036577609624514,0.19085917708107702
Very Low,median_baseline,3,4,987,790,197,0,{},0.02683218869651777,0.03774811597553017,-0.01690161524743128,
Very Low,elastic_net,3,4,987,790,197,3,"{""regressor__regressor__model__alpha"": 0.1, ""regressor__regressor__model__l1_ratio"": 0.1}",0.025529216836824152,0.03619522246525183,0.0650446387090341,0.34529224703263867
Very Low,gradient_boosted_trees,3,4,987,790,197,3,"{""model__learning_rate"": 0.05, ""model__max_depth"": 1, ""model__min_samples_leaf"": 3, ""model__n_estimators"": 75, ""model__subsample"": 0.7}",0.025588545763358082,0.035866218146242204,0.08196434870825309,0.34336269573357536
Very Low,median_baseline,3,5,987,790,197,0,{},0.030359050549543153,0.04420257856302035,-0.00495003655752968,
Very Low,elastic_net,3,5,987,790,197,3,"{""regressor__regressor__model__alpha"": 0.1, ""regressor__regressor__model__l1_ratio"": 0.1}",0.029371607775524784,0.04386902496152993,0.010159487996985073,0.27747850409199215
Very Low,gradient_boosted_trees,3,5,987,790,197,3,"{""model__learning_rate"": 0.02, ""model__max_depth"": 3, ""model__min_samples_leaf"": 20, ""model__n_estimators"": 125, ""model__subsample"": 1.0}",0.02844070226004657,0.04266746146396193,0.06363996167667252,0.3514059061557249
Low,median_baseline,1,1,1124,899,225,0,{},0.01956467085566667,0.026670095721699587,-2.762873097306162e-05,
Low,elastic_net,1,1,1124,899,225,3,"{""regressor__regressor__model__alpha"": 0.1, ""regressor__regressor__model__l1_ratio"": 0.1}",0.01754973830489674,0.024688495393608737,0.14305668241264835,0.4421691951116731
Low,gradient_boosted_trees,1,1,1124,899,225,3,"{""model__learning_rate"": 0.05, ""model__max_depth"": 3, ""model__min_samples_leaf"": 5, ""model__n_estimators"": 125, ""model__subsample"": 0.7}",0.016343023284671167,0.024853336549190818,0.13157513133616416,0.508849557522124
Low,median_baseline,1,2,1124,899,225,0,{},0.019642301744444444,0.027697787421719605,-0.00822940535308092,
Low,elastic_net,1,2,1124,899,225,3,"{""regressor__regressor__model__alpha"": 0.1, ""regressor__regressor__model__l1_ratio"": 0.1}",0.01772466810999185,0.025571511406000714,0.14062641647309704,0.41359039190897606
Low,gradient_boosted_trees,1,2,1124,899,225,3,"{""model__learning_rate"": 0.1, ""model__max_depth"": 2, ""model__min_samples_leaf"": 10, ""model__n_estimators"": 200, ""model__subsample"": 0.9}",0.017956527910815208,0.027014186017509653,0.040924104007798445,0.3959397387273494
Low,median_baseline,1,3,1124,899,225,0,{},0.02119295135076444,0.029254215729994544,-0.003364192728885218,
Low,elastic_net,1,3,1124,899,225,3,"{""regressor__regressor__model__alpha"": 0.1, ""regressor__regressor__model__l1_ratio"": 0.1}",0.01917406694460024,0.028354778480690165,0.057385325941818666,0.3328455541508639
Low,gradient_boosted_trees,1,3,1124,899,225,3,"{""model__learning_rate"": 0.05, ""model__max_depth"": 3, ""model__min_samples_leaf"": 5, ""model__n_estimators"": 200, ""model__subsample"": 0.7}",0.018680999359920025,0.028414293814556395,0.05342416625801427,0.4230857564264644
Low,median_baseline,1,4,1124,899,225,0,{},0.020582049695884442,0.0276049474356975,-0.024753573118642125,
Low,elastic_net,1,4,1124,899,225,3,"{""regressor__regressor__model__alpha"": 0.01, ""regressor__regressor__model__l1_ratio"": 1.0}",0.017129992749352983,0.023476417609569523,0.25884465500131726,0.5068173198482934
Low,gradient_boosted_trees,1,4,1124,899,225,3,"{""model__learning_rate"": 0.02, ""model__max_depth"": 3, ""model__min_samples_leaf"": 5, ""model__n_estimators"": 200, ""model__subsample"": 0.7}",0.016223818358948327,0.02297211725982636,0.29034438862266876,0.5968289085545724
Low,median_baseline,1,5,1124,900,224,0,{},0.019729772713625002,0.02791898639172023,-0.02069025888255771,
Low,elastic_net,1,5,1124,900,224,3,"{""regressor__regressor__model__alpha"": 0.1, ""regressor__regressor__model__l1_ratio"": 0.1}",0.01695722181975075,0.02442081019536759,0.21906513513404946,0.5014990390775145
Low,gradient_boosted_trees,1,5,1124,900,224,3,"{""model__learning_rate"": 0.1, ""model__max_depth"": 1, ""model__min_samples_leaf"": 3, ""model__n_estimators"": 300, ""model__subsample"": 0.9}",0.016054632653349356,0.024072853452241697,0.24116069086253644,0.5561531069827035
Low,median_baseline,2,1,1124,899,225,0,{},0.019999080789222225,0.02833880978078442,-0.0012237722146701824,
Low,elastic_net,2,1,1124,899,225,3,"{""regressor__regressor__model__alpha"": 0.1, ""regressor__regressor__model__l1_ratio"": 0.1}",0.01827741462792454,0.02729577193260812,0.0711219464708539,0.3807269279393174
Low,gradient_boosted_trees,2,1,1124,899,225,3,"{""model__learning_rate"": 0.05, ""model__max_depth"": 2, ""model__min_samples_leaf"": 10, ""model__n_estimators"": 200, ""model__subsample"": 0.7}",0.01724781086054195,0.026706396316939243,0.11080191342045043,0.5137684365781712
Low,median_baseline,2,2,1124,899,225,0,{},0.018765158135493332,0.02550716118705496,-0.010281407302328738,
Low,elastic_net,2,2,1124,899,225,3,"{""regressor__regressor__model__alpha"": 0.1, ""regressor__regressor__model__l1_ratio"": 0.1}",0.01722868949823487,0.023034417918488006,0.17610362609891383,0.3798609355246524
Low,gradient_boosted_trees,2,2,1124,899,225,3,"{""model__learning_rate"": 0.05, ""model__max_depth"": 3, ""model__min_samples_leaf"": 5, ""model__n_estimators"": 300, ""model__subsample"": 0.7}",0.015651015683970752,0.021581493332951993,0.2767622404364828,0.5139296249473242
Low,median_baseline,2,3,1124,899,225,0,{},0.02294959747657778,0.031086911740547177,-0.001106849318937897,
Low,elastic_net,2,3,1124,899,225,3,"{""regressor__regressor__model__alpha"": 0.1, ""regressor__regressor__model__l1_ratio"": 0.1}",0.019773848334331167,0.027695760288011212,0.2053939714399825,0.4917488411293721
Low,gradient_boosted_trees,2,3,1124,899,225,3,"{""model__learning_rate"": 0.05, ""model__max_depth"": 2, ""model__min_samples_leaf"": 3, ""model__n_estimators"": 300, ""model__subsample"": 0.7}",0.01832436950877823,0.0271201121236424,0.23808199986283274,0.5852855035819639
Low,median_baseline,2,4,1124,899,225,0,{},0.019299707893244443,0.027523872567366405,-0.015875956153691195,
Low,elastic_net,2,4,1124,899,225,3,"{""regressor__regressor__model__alpha"": 0.1, ""regressor__regressor__model__l1_ratio"": 0.1}",0.01673256108900697,0.02439469514137248,0.20198253735974026,0.4811420143278551
Low,gradient_boosted_trees,2,4,1124,899,225,3,"{""model__learning_rate"": 0.1, ""model__max_depth"": 1, ""model__min_samples_leaf"": 10, ""model__n_estimators"": 200, ""model__subsample"": 0.9}",0.016009711149848928,0.02313932066391295,0.28200269559113544,0.5326927939317321
Low,median_baseline,2,5,1124,900,224,0,{},0.01961240623391518,0.026298912183431708,-0.013522237364957945,
Low,elastic_net,2,5,1124,900,224,3,"{""regressor__regressor__model__alpha"": 0.1, ""regressor__regressor__model__l1_ratio"": 0.1}",0.017008686004448693,0.024402934697647764,0.12734651471823788,0.42761050608584245
Low,gradient_boosted_trees,2,5,1124,900,224,3,"{""model__learning_rate"": 0.1, ""model__max_depth"": 2, ""model__min_samples_leaf"": 10, ""model__n_estimators"": 75, ""model__subsample"": 1.0}",0.016087296702978267,0.02416775740436506,0.14408543309535315,0.4962267777065984
Low,median_baseline,3,1,1124,899,225,0,{},0.020494710163844444,0.029573739723384108,-0.003323080471344886,
Low,elastic_net,3,1,1124,899,225,3,"{""regressor__regressor__model__alpha"": 0.1, ""regressor__regressor__model__l1_ratio"": 0.1}",0.0187297081192845,0.02818883758507833,0.08844548836339183,0.3712747576906869
Low,gradient_boosted_trees,3,1,1124,899,225,3,"{""model__learning_rate"": 0.05, ""model__max_depth"": 3, ""model__min_samples_leaf"": 10, ""model__n_estimators"": 200, ""model__subsample"": 1.0}",0.017052775632533886,0.027293089964043248,0.1454573883339706,0.5031236831015592
Low,median_baseline,3,2,1124,899,225,0,{},0.016997787234222222,0.02165536171397026,-0.000775919549881765,
Low,elastic_net,3,2,1124,899,225,3,"{""regressor__regressor__model__alpha"": 0.1, ""regressor__regressor__model__l1_ratio"": 0.1}",0.014576298249873276,0.019137512895662692,0.21841366962565367,0.46944795617361995
Low,gradient_boosted_trees,3,2,1124,899,225,3,"{""model__learning_rate"": 0.1, ""model__max_depth"": 3, ""model__min_samples_leaf"": 20, ""model__n_estimators"": 75, ""model__subsample"": 0.9}",0.013407532041691298,0.018387430793413307,0.27848051368436955,0.5335756426464392
Low,median_baseline,3,3,1124,899,225,0,{},0.021488915609777778,0.02904678766503911,-0.021366026088753598,
Low,elastic_net,3,3,1124,899,225,3,"{""regressor__regressor__model__alpha"": 0.1, ""regressor__regressor__model__l1_ratio"": 0.5}",0.01937828450734625,0.026105059913805805,0.17503679927248217,0.4101380109565951
Low,gradient_boosted_trees,3,3,1124,899,225,3,"{""model__learning_rate"": 0.05, ""model__max_depth"": 2, ""model__min_samples_leaf"": 3, ""model__n_estimators"": 200, ""model__subsample"": 0.9}",0.019057497291727732,0.02663824464232978,0.140993611048843,0.4741297935103246
Low,median_baseline,3,4,1124,899,225,0,{},0.020757884078373333,0.029021535454454666,-7.322334859805046e-05,
Low,elastic_net,3,4,1124,899,225,3,"{""regressor__regressor__model__alpha"": 0.1, ""regressor__regressor__model__l1_ratio"": 0.1}",0.018786622091244404,0.0277432520865454,0.08608508871529796,0.40078171091445436
Low,gradient_boosted_trees,3,4,1124,899,225,3,"{""model__learning_rate"": 0.1, ""model__max_depth"": 3, ""model__min_samples_leaf"": 5, ""model__n_estimators"": 75, ""model__subsample"": 0.9}",0.018970620016954935,0.028763072664448396,0.017660553020530934,0.41946902654867263
Low,median_baseline,3,5,1124,900,224,0,{},0.02082612044461607,0.02898211668541695,-0.014192936470107664,
Low,elastic_net,3,5,1124,900,224,3,"{""regressor__regressor__model__alpha"": 0.1, ""regressor__regressor__model__l1_ratio"": 0.1}",0.018352260450959498,0.026087204236026396,0.17829589462816708,0.44508861840700414
Low,gradient_boosted_trees,3,5,1124,900,224,3,"{""model__learning_rate"": 0.05, ""model__max_depth"": 3, ""model__min_samples_leaf"": 20, ""model__n_estimators"": 200, ""model__subsample"": 0.9}",0.0163752568091628,0.023834818643470954,0.3140632304601104,0.611209694640188
Medium,median_baseline,1,1,404,323,81,0,{},0.015778580429444446,0.0188420835599681,-0.005668158114686905,
Medium,elastic_net,1,1,404,323,81,3,"{""regressor__regressor__model__alpha"": 0.1, ""regressor__regressor__model__l1_ratio"": 0.5}",0.013980200390027224,0.017107165890919013,0.17100295539989796,0.48087172538392053
Medium,gradient_boosted_trees,1,1,404,323,81,3,"{""model__learning_rate"": 0.02, ""model__max_depth"": 3, ""model__min_samples_leaf"": 20, ""model__n_estimators"": 125, ""model__subsample"": 0.7}",0.013968160488277087,0.017019391100093158,0.17948809763211737,0.39491869918699185
Medium,median_baseline,1,2,404,323,81,0,{},0.013532368767839505,0.017698697675618547,-0.011435971471348116,
Medium,elastic_net,1,2,404,323,81,3,"{""regressor__regressor__model__alpha"": 0.1, ""regressor__regressor__model__l1_ratio"": 0.5}",0.012232196940154497,0.015733314378880228,0.20072502622444321,0.4776196928635953
Medium,gradient_boosted_trees,1,2,404,323,81,3,"{""model__learning_rate"": 0.1, ""model__max_depth"": 2, ""model__min_samples_leaf"": 10, ""model__n_estimators"": 200, ""model__subsample"": 0.9}",0.011612629795854552,0.014283157346099794,0.3412748963216987,0.5399051490514906
Medium,median_baseline,1,3,404,323,81,0,{},0.014254950247345678,0.01952045050964037,-0.010152314184795452,
Medium,elastic_net,1,3,404,323,81,3,"{""regressor__regressor__model__alpha"": 0.1, ""regressor__regressor__model__l1_ratio"": 0.1}",0.012924188468293341,0.01771767752418231,0.16781328967112075,0.5005420054200542
Medium,gradient_boosted_trees,1,3,404,323,81,3,"{""model__learning_rate"": 0.1, ""model__max_depth"": 2, ""model__min_samples_leaf"": 5, ""model__n_estimators"": 200, ""model__subsample"": 0.7}",0.012117082270296786,0.017139005905923068,0.2212851673414481,0.46614724480578135
Medium,median_baseline,1,4,404,323,81,0,{},0.014291514362037036,0.017550665402355344,-1.4338912456501873e-05,
Medium,elastic_net,1,4,404,323,81,3,"{""regressor__regressor__model__alpha"": 0.1, ""regressor__regressor__model__l1_ratio"": 0.5}",0.013054878172505295,0.016321920607335196,0.13510860525014623,0.3823396567299006
Medium,gradient_boosted_trees,1,4,404,323,81,3,"{""model__learning_rate"": 0.05, ""model__max_depth"": 2, ""model__min_samples_leaf"": 5, ""model__n_estimators"": 300, ""model__subsample"": 0.9}",0.012069151391092162,0.015336632944885888,0.23637682310371966,0.5528003613369467
Medium,median_baseline,1,5,404,324,80,0,{},0.0142006960770375,0.01959252007694647,-2.805769343972031e-06,
Medium,elastic_net,1,5,404,324,80,3,"{""regressor__regressor__model__alpha"": 0.1, ""regressor__regressor__model__l1_ratio"": 0.1}",0.014120079531925744,0.019525440829863218,0.006832925879520002,0.3118377871542429
Medium,gradient_boosted_trees,1,5,404,324,80,3,"{""model__learning_rate"": 0.1, ""model__max_depth"": 2, ""model__min_samples_leaf"": 10, ""model__n_estimators"": 125, ""model__subsample"": 1.0}",0.013988135711684552,0.018499109670929083,0.10849810273948102,0.40353961556493206
Medium,median_baseline,2,1,404,323,81,0,{},0.01411185365080247,0.017132839343684873,-0.0013252048230969482,
Medium,elastic_net,2,1,404,323,81,3,"{""regressor__regressor__model__alpha"": 0.1, ""regressor__regressor__model__l1_ratio"": 0.1}",0.013322872999201374,0.017326702541125224,-0.02411399837618422,0.35663956639566397
Medium,gradient_boosted_trees,2,1,404,323,81,3,"{""model__learning_rate"": 0.05, ""model__max_depth"": 2, ""model__min_samples_leaf"": 10, ""model__n_estimators"": 200, ""model__subsample"": 0.7}",0.012387476877983436,0.015664400469556188,0.1629642285234465,0.40110659439927737
Medium,median_baseline,2,2,404,323,81,0,{},0.014153617522876543,0.01877195014160785,-0.011766296476704685,
Medium,elastic_net,2,2,404,323,81,3,"{""regressor__regressor__model__alpha"": 0.01, ""regressor__regressor__model__l1_ratio"": 1.0}",0.012830356374618115,0.017684174983171513,0.10209367401722291,0.4234417344173441
Medium,gradient_boosted_trees,2,2,404,323,81,3,"{""model__learning_rate"": 0.1, ""model__max_depth"": 2, ""model__min_samples_leaf"": 3, ""model__n_estimators"": 75, ""model__subsample"": 0.7}",0.011445759601606455,0.015907067761373968,0.2734898496502901,0.5900406504065041
Medium,median_baseline,2,3,404,323,81,0,{},0.015525977015864199,0.022154330741424186,-0.026289379941929703,
Medium,elastic_net,2,3,404,323,81,3,"{""regressor__regressor__model__alpha"": 0.1, ""regressor__regressor__model__l1_ratio"": 0.5}",0.01443935714922649,0.020906468629341517,0.08606790892286553,0.4467028003613369
Medium,gradient_boosted_trees,2,3,404,323,81,3,"{""model__learning_rate"": 0.02, ""model__max_depth"": 3, ""model__min_samples_leaf"": 20, ""model__n_estimators"": 300, ""model__subsample"": 1.0}",0.013989864707387084,0.019896785611124113,0.1722133736432866,0.46018518518518514
Medium,median_baseline,2,4,404,323,81,0,{},0.01403487816617284,0.01732101575070944,-0.005572054886721078,
Medium,elastic_net,2,4,404,323,81,3,"{""regressor__regressor__model__alpha"": 0.1, ""regressor__regressor__model__l1_ratio"": 0.1}",0.012275042359466627,0.015283364918184966,0.21710332596311732,0.4254290876242096
Medium,gradient_boosted_trees,2,4,404,323,81,3,"{""model__learning_rate"": 0.1, ""model__max_depth"": 1, ""model__min_samples_leaf"": 10, ""model__n_estimators"": 200, ""model__subsample"": 0.9}",0.011429356155532505,0.014345059213707005,0.3102826149205521,0.5948283649503161
Medium,median_baseline,2,5,404,324,80,0,{},0.0142976450978125,0.017524282767567033,-0.0034750012526043594,
Medium,elastic_net,2,5,404,324,80,3,"{""regressor__regressor__model__alpha"": 0.01, ""regressor__regressor__model__l1_ratio"": 0.5}",0.013730600722495758,0.016735917991036114,0.08478078105515152,0.33096577590248477
Medium,gradient_boosted_trees,2,5,404,324,80,3,"{""model__learning_rate"": 0.1, ""model__max_depth"": 1, ""model__min_samples_leaf"": 3, ""model__n_estimators"": 200, ""model__subsample"": 0.7}",0.012014620783202267,0.015115010364409449,0.25347741386643974,0.5269338959212377
Medium,median_baseline,3,1,404,323,81,0,{},0.01277209096919753,0.016599747076812964,-0.0058087362536431986,
Medium,elastic_net,3,1,404,323,81,3,"{""regressor__regressor__model__alpha"": 0.1, ""regressor__regressor__model__l1_ratio"": 0.1}",0.012487998967666966,0.01621872788487479,0.03983463447721558,0.41820234869015355
Medium,gradient_boosted_trees,3,1,404,323,81,3,"{""model__learning_rate"": 0.05, ""model__max_depth"": 3, ""model__min_samples_leaf"": 10, ""model__n_estimators"": 200, ""model__subsample"": 1.0}",0.012118287423568604,0.015809448397403916,0.08768272937671695,0.44015356820234863
Medium,median_baseline,3,2,404,323,81,0,{},0.015277996367160497,0.019557788405898655,-0.06152642263448649,
Medium,elastic_net,3,2,404,323,81,3,"{""regressor__regressor__model__alpha"": 0.1, ""regressor__regressor__model__l1_ratio"": 0.5}",0.01378541065525347,0.017990923367365113,0.10174792390701559,0.41361788617886175
Medium,gradient_boosted_trees,3,2,404,323,81,3,"{""model__learning_rate"": 0.1, ""model__max_depth"": 3, ""model__min_samples_leaf"": 5, ""model__n_estimators"": 300, ""model__subsample"": 0.7}",0.014722930158811133,0.02027153231954922,-0.14041909001551311,0.24243450767841007
Medium,median_baseline,3,3,404,323,81,0,{},0.01575979600812346,0.021342573043170318,-0.009719887574864527,
Medium,elastic_net,3,3,404,323,81,3,"{""regressor__regressor__model__alpha"": 0.01, ""regressor__regressor__model__l1_ratio"": 1.0}",0.01535135897259365,0.021046033793284832,0.01814380598170462,0.32592592592592595
Medium,gradient_boosted_trees,3,3,404,323,81,3,"{""model__learning_rate"": 0.05, ""model__max_depth"": 2, ""model__min_samples_leaf"": 3, ""model__n_estimators"": 200, ""model__subsample"": 0.9}",0.013487927039919833,0.018754966878565208,0.22027769057401336,0.5491418247515808
Medium,median_baseline,3,4,404,323,81,0,{},0.013966546316111113,0.017952973771144517,-2.3241371129190114e-05,
Medium,elastic_net,3,4,404,323,81,3,"{""regressor__regressor__model__alpha"": 0.1, ""regressor__regressor__model__l1_ratio"": 0.1}",0.012483161814077267,0.016440368661258732,0.1613892896906216,0.40517163504968384
Medium,gradient_boosted_trees,3,4,404,323,81,3,"{""model__learning_rate"": 0.1, ""model__max_depth"": 3, ""model__min_samples_leaf"": 5, ""model__n_estimators"": 75, ""model__subsample"": 0.9}",0.012162933165495358,0.015034560371481443,0.29867589305952646,0.4844625112917796
Medium,median_baseline,3,5,404,324,80,0,{},0.014410562167624999,0.017633307497997623,-0.001460636541060767,
Medium,elastic_net,3,5,404,324,80,3,"{""regressor__regressor__model__alpha"": 0.01, ""regressor__regressor__model__l1_ratio"": 0.5}",0.011541228308479092,0.014431447690144003,0.3292107090100528,0.629043600562588
Medium,gradient_boosted_trees,3,5,404,324,80,3,"{""model__learning_rate"": 0.05, ""model__max_depth"": 2, ""model__min_samples_leaf"": 3, ""model__n_estimators"": 125, ""model__subsample"": 0.7}",0.011085997139715295,0.01340032372331171,0.42164179418138326,0.6401078293483358
High + Very High,median_baseline,1,1,173,138,35,0,{},0.015950515711157142,0.020616003418606976,-0.021954392888332785,
High + Very High,elastic_net,1,1,173,138,35,3,"{""regressor__regressor__model__alpha"": 1.0, ""regressor__regressor__model__l1_ratio"": 0.1}",0.015125289642588996,0.018974528405824153,0.13430573360225306,0.1400560224089636
High + Very High,gradient_boosted_trees,1,1,173,138,35,3,"{""model__learning_rate"": 0.02, ""model__max_depth"": 3, ""model__min_samples_leaf"": 20, ""model__n_estimators"": 125, ""model__subsample"": 0.7}",0.013789078315378886,0.017655673882888245,0.25046631306251554,0.4722689075630252
High + Very High,median_baseline,1,2,173,138,35,0,{},0.014112416517442859,0.01731202488150946,-0.015719965527516644,
High + Very High,elastic_net,1,2,173,138,35,3,"{""regressor__regressor__model__alpha"": 0.1, ""regressor__regressor__model__l1_ratio"": 0.5}",0.01965153755994857,0.030937698379407425,-2.243801394670131,0.36190476190476195
High + Very High,gradient_boosted_trees,1,2,173,138,35,3,"{""model__learning_rate"": 0.1, ""model__max_depth"": 2, ""model__min_samples_leaf"": 10, ""model__n_estimators"": 200, ""model__subsample"": 0.9}",0.01344893189627632,0.016907546006990078,0.03118822247328268,0.43333333333333335
High + Very High,median_baseline,1,3,173,138,35,0,{},0.012493420402214286,0.01530971064520101,-0.056506327308728066,
High + Very High,elastic_net,1,3,173,138,35,3,"{""regressor__regressor__model__alpha"": 0.1, ""regressor__regressor__model__l1_ratio"": 1.0}",0.012867224986171249,0.0164061193547038,-0.21324880057277817,0.2619047619047619
High + Very High,gradient_boosted_trees,1,3,173,138,35,3,"{""model__learning_rate"": 0.1, ""model__max_depth"": 2, ""model__min_samples_leaf"": 5, ""model__n_estimators"": 200, ""model__subsample"": 1.0}",0.010775369467496637,0.013042766602998584,0.2332079832102606,0.5056022408963585
High + Very High,median_baseline,1,4,173,139,34,0,{},0.012597537424852942,0.015827263078631453,-0.01352028379073289,
High + Very High,elastic_net,1,4,173,139,34,3,"{""regressor__regressor__model__alpha"": 0.1, ""regressor__regressor__model__l1_ratio"": 0.1}",0.013795931614650208,0.016954030064669508,-0.16296514896791692,0.0985485103132162
High + Very High,gradient_boosted_trees,1,4,173,139,34,3,"{""model__learning_rate"": 0.02, ""model__max_depth"": 3, ""model__min_samples_leaf"": 5, ""model__n_estimators"": 200, ""model__subsample"": 0.7}",0.011585470290646487,0.01393663975754392,0.2141548975315436,0.3912910618792972
High + Very High,median_baseline,1,5,173,139,34,0,{},0.01103833254852941,0.015424463050561246,-0.005442397860225157,
High + Very High,elastic_net,1,5,173,139,34,3,"{""regressor__regressor__model__alpha"": 1.0, ""regressor__regressor__model__l1_ratio"": 0.5}",0.011015245049705882,0.015386351981501149,-0.0004800020219246637,
High + Very High,gradient_boosted_trees,1,5,173,139,34,3,"{""model__learning_rate"": 0.1, ""model__max_depth"": 2, ""model__min_samples_leaf"": 10, ""model__n_estimators"": 125, ""model__subsample"": 1.0}",0.01070953905839046,0.013849216572655464,0.1894356490938226,0.42734912146676857
High + Very High,median_baseline,2,1,173,138,35,0,{},0.012646906048571426,0.01640705609588683,-0.009138841119967545,
High + Very High,elastic_net,2,1,173,138,35,3,"{""regressor__regressor__model__alpha"": 1.0, ""regressor__regressor__model__l1_ratio"": 0.1}",0.012764942876205056,0.01576468534913918,0.06833407818885218,0.20476190476190478
High + Very High,gradient_boosted_trees,2,1,173,138,35,3,"{""model__learning_rate"": 0.02, ""model__max_depth"": 3, ""model__min_samples_leaf"": 20, ""model__n_estimators"": 300, ""model__subsample"": 0.9}",0.010483857287536204,0.013332503146426283,0.3336337605601649,0.4498599439775911
High + Very High,median_baseline,2,2,173,138,35,0,{},0.012277708337871429,0.015842711975758542,-0.0007320694948897977,
High + Very High,elastic_net,2,2,173,138,35,3,"{""regressor__regressor__model__alpha"": 1.0, ""regressor__regressor__model__l1_ratio"": 0.1}",0.011064235335013056,0.014385877483462765,0.17485270806914532,0.39159663865546224
High + Very High,gradient_boosted_trees,2,2,173,138,35,3,"{""model__learning_rate"": 0.05, ""model__max_depth"": 3, ""model__min_samples_leaf"": 5, ""model__n_estimators"": 300, ""model__subsample"": 0.7}",0.011995302405595968,0.01569549824717519,0.01777953744415961,0.3403361344537815
High + Very High,median_baseline,2,3,173,138,35,0,{},0.013722585548514283,0.018409553973714278,-0.018631113160920698,
High + Very High,elastic_net,2,3,173,138,35,3,"{""regressor__regressor__model__alpha"": 1.0, ""regressor__regressor__model__l1_ratio"": 0.1}",0.013059126880827039,0.016778487471319818,0.1538720914758498,0.22661064425770308
High + Very High,gradient_boosted_trees,2,3,173,138,35,3,"{""model__learning_rate"": 0.05, ""model__max_depth"": 2, ""model__min_samples_leaf"": 5, ""model__n_estimators"": 75, ""model__subsample"": 0.7}",0.012477447356359028,0.015921453333596187,0.23810377710524477,0.45378151260504207
High + Very High,median_baseline,2,4,173,139,34,0,{},0.011605583586176471,0.014939178078579474,-0.02572836354640251,
High + Very High,elastic_net,2,4,173,139,34,3,"{""regressor__regressor__model__alpha"": 1.0, ""regressor__regressor__model__l1_ratio"": 0.9}",0.011675989215067923,0.0150221343243116,-0.037151592432809855,
High + Very High,gradient_boosted_trees,2,4,173,139,34,3,"{""model__learning_rate"": 0.05, ""model__max_depth"": 3, ""model__min_samples_leaf"": 10, ""model__n_estimators"": 75, ""model__subsample"": 0.7}",0.010214677214874289,0.012893897716055848,0.23590492937446617,0.41665393430099307
High + Very High,median_baseline,2,5,173,139,34,0,{},0.015767842189558824,0.018831369908033163,-0.004816666086283616,
High + Very High,elastic_net,2,5,173,139,34,3,"{""regressor__regressor__model__alpha"": 0.1, ""regressor__regressor__model__l1_ratio"": 0.9}",0.017028454921564556,0.020795036296907606,-0.22529981087220796,0.2568372803666921
High + Very High,gradient_boosted_trees,2,5,173,139,34,3,"{""model__learning_rate"": 0.1, ""model__max_depth"": 2, ""model__min_samples_leaf"": 5, ""model__n_estimators"": 300, ""model__subsample"": 0.7}",0.011978815561533409,0.016042094187411766,0.27080257775926875,0.5954163483575248
High + Very High,median_baseline,3,1,173,138,35,0,{},0.012268741102642857,0.016439282892572165,-0.07009134335644074,
High + Very High,elastic_net,3,1,173,138,35,3,"{""regressor__regressor__model__alpha"": 0.1, ""regressor__regressor__model__l1_ratio"": 0.5}",0.01336804290771945,0.021666979168521297,-0.8588820953236629,0.28347338935574234
High + Very High,gradient_boosted_trees,3,1,173,138,35,3,"{""model__learning_rate"": 0.05, ""model__max_depth"": 2, ""model__min_samples_leaf"": 20, ""model__n_estimators"": 300, ""model__subsample"": 1.0}",0.010292782683173471,0.013161702954049467,0.31407081325046926,0.53109243697479
High + Very High,median_baseline,3,2,173,138,35,0,{},0.012229942315785716,0.014124860102576797,-0.005028597493615505,
High + Very High,elastic_net,3,2,173,138,35,3,"{""regressor__regressor__model__alpha"": 1.0, ""regressor__regressor__model__l1_ratio"": 0.1}",0.01169153665509051,0.013811944251948803,0.039008065173712914,0.15014005602240896
High + Very High,gradient_boosted_trees,3,2,173,138,35,3,"{""model__learning_rate"": 0.1, ""model__max_depth"": 3, ""model__min_samples_leaf"": 20, ""model__n_estimators"": 75, ""model__subsample"": 0.9}",0.012212630580612328,0.014749552912259689,-0.09589216427802572,0.2742296918767507
High + Very High,median_baseline,3,3,173,138,35,0,{},0.014416625814571428,0.017374330369755567,-0.1571919934151187,
High + Very High,elastic_net,3,3,173,138,35,3,"{""regressor__regressor__model__alpha"": 0.1, ""regressor__regressor__model__l1_ratio"": 1.0}",0.01447623234674459,0.017255215367402016,-0.14137942098587652,0.28767507002801124
High + Very High,gradient_boosted_trees,3,3,173,138,35,3,"{""model__learning_rate"": 0.02, ""model__max_depth"": 2, ""model__min_samples_leaf"": 20, ""model__n_estimators"": 200, ""model__subsample"": 0.9}",0.012535378027224629,0.015244070794579909,0.10917748805866878,0.41820728291316533
High + Very High,median_baseline,3,4,173,139,34,0,{},0.014193259806411765,0.018528402426344712,-0.027079801360551548,
High + Very High,elastic_net,3,4,173,139,34,3,"{""regressor__regressor__model__alpha"": 1.0, ""regressor__regressor__model__l1_ratio"": 0.5}",0.014193259806411765,0.018553181572995882,-0.029828789476166406,
High + Very High,gradient_boosted_trees,3,4,173,139,34,3,"{""model__learning_rate"": 0.05, ""model__max_depth"": 1, ""model__min_samples_leaf"": 3, ""model__n_estimators"": 75, ""model__subsample"": 0.7}",0.012345826460986352,0.01603698616662208,0.23056179240346653,0.4909090909090908
High + Very High,median_baseline,3,5,173,139,34,0,{},0.013346430666191176,0.018503786901681932,-0.010407700913432905,
High + Very High,elastic_net,3,5,173,139,34,3,"{""regressor__regressor__model__alpha"": 1.0, ""regressor__regressor__model__l1_ratio"": 0.1}",0.013741350816883047,0.01818250357512144,0.024375328124250917,0.04385026737967914
High + Very High,gradient_boosted_trees,3,5,173,139,34,3,"{""model__learning_rate"": 0.1, ""model__max_depth"": 2, ""model__min_samples_leaf"": 5, ""model__n_estimators"": 200, ""model__subsample"": 0.7}",0.012301160042158577,0.015958410095503243,0.24845558174635163,0.4847975553857906
